{
  "version": 2,
  "name": "econodes-ai-defi-optimizer",
  "alias": ["econodes-ai"],
  "regions": ["iad1", "sfo1"],
  "build": {
    "env": {
      "NODE_ENV": "production"
    }
  },
  "env": {
    "NEXT_PUBLIC_APP_NAME": "ECOnodes.AI DeFi Optimizer",
    "NEXT_PUBLIC_APP_VERSION": "1.0.0",
    "NEXT_PUBLIC_ENVIRONMENT": "production"
  },
  "functions": {
    "app/api/**/*.ts": {
      "maxDuration": 30
    }
  },
  "headers": [
    {
      "source": "/api/(.*)",
      "headers": [
        {
          "key": "Access-Control-Allow-Origin",
          "value": "*"
        },
        {
          "key": "Access-Control-Allow-Methods",
          "value": "GET, POST, PUT, DELETE, OPTIONS"
        },
        {
          "key": "Access-Control-Allow-Headers",
          "value": "Content-Type, Authorization"
        }
      ]
    }
  ],
  "rewrites": [
    {
      "source": "/health",
      "destination": "/api/health"
    }
  ]
}
